{
  "best": {
    "name": "ensemble",
    "metrics": {
      "accuracy": 0.8787878787878788,
      "precision": 0.4,
      "recall": 0.6666666666666666,
      "f1": 0.5,
      "auc": 0.6777777777777778
    },
    "threshold": 0.5000000000000001
  },
  "all": {
    "logreg": {
      "metrics": {
        "accuracy": 0.6666666666666666,
        "precision": 0.16666666666666666,
        "recall": 0.6666666666666666,
        "f1": 0.26666666666666666,
        "auc": 0.6444444444444444
      }
    },
    "rf": {
      "metrics": {
        "accuracy": 0.9090909090909091,
        "precision": 0.0,
        "recall": 0.0,
        "f1": 0.0,
        "auc": 0.6444444444444445
      }
    },
    "xgb": {
      "metrics": {
        "accuracy": 0.8787878787878788,
        "precision": 0.0,
        "recall": 0.0,
        "f1": 0.0,
        "auc": 0.7333333333333333
      }
    },
    "gb": {
      "metrics": {
        "accuracy": 0.8787878787878788,
        "precision": 0.0,
        "recall": 0.0,
        "f1": 0.0,
        "auc": 0.7333333333333333
      }
    },
    "svm": {
      "metrics": {
        "accuracy": 0.8181818181818182,
        "precision": 0.0,
        "recall": 0.0,
        "f1": 0.0,
        "auc": 0.5333333333333333
      }
    },
    "ensemble": {
      "metrics": {
        "accuracy": 0.8787878787878788,
        "precision": 0.4,
        "recall": 0.6666666666666666,
        "f1": 0.5,
        "auc": 0.6777777777777778
      }
    }
  },
  "timestamp": "2025-09-01T16:24:40.387767"
}