{
  "best": {
    "name": "gb",
    "metrics": {
      "accuracy": 0.7575757575757576,
      "precision": 0.2222222222222222,
      "recall": 0.6666666666666666,
      "f1": 0.3333333333333333,
      "auc": 0.5444444444444443
    },
    "threshold": 0.3
  },
  "all": {
    "logreg": {
      "metrics": {
        "accuracy": 0.6666666666666666,
        "precision": 0.16666666666666666,
        "recall": 0.6666666666666666,
        "f1": 0.26666666666666666,
        "auc": 0.6333333333333333
      }
    },
    "rf": {
      "metrics": {
        "accuracy": 0.7272727272727273,
        "precision": 0.0,
        "recall": 0.0,
        "f1": 0.0,
        "auc": 0.5555555555555555
      }
    },
    "xgb": {
      "metrics": {
        "accuracy": 0.696969696969697,
        "precision": 0.18181818181818182,
        "recall": 0.6666666666666666,
        "f1": 0.2857142857142857,
        "auc": 0.6222222222222222
      }
    },
    "gb": {
      "metrics": {
        "accuracy": 0.7575757575757576,
        "precision": 0.2222222222222222,
        "recall": 0.6666666666666666,
        "f1": 0.3333333333333333,
        "auc": 0.5444444444444443
      }
    },
    "ensemble": {
      "metrics": {
        "accuracy": 0.696969696969697,
        "precision": 0.18181818181818182,
        "recall": 0.6666666666666666,
        "f1": 0.2857142857142857,
        "auc": 0.6
      }
    }
  },
  "timestamp": "2025-08-31T20:35:59.702281"
}