{
  "best": {
    "name": "logreg",
    "metrics": {
      "accuracy": 0.5681818181818182,
      "precision": 0.10526315789473684,
      "recall": 0.5,
      "f1": 0.17391304347826086,
      "auc": 0.50625,
      "minority_f1": 0.17391304347826086
    },
    "params": {
      "C": 10,
      "penalty": "l1",
      "solver": "liblinear"
    }
  },
  "all": {
    "logreg": {
      "metrics": {
        "accuracy": 0.5681818181818182,
        "precision": 0.10526315789473684,
        "recall": 0.5,
        "f1": 0.17391304347826086,
        "auc": 0.50625,
        "minority_f1": 0.17391304347826086
      },
      "params": {
        "C": 10,
        "penalty": "l1",
        "solver": "liblinear"
      }
    },
    "rf": {
      "metrics": {
        "accuracy": 0.7045454545454546,
        "precision": 0.09090909090909091,
        "recall": 0.25,
        "f1": 0.13333333333333333,
        "auc": 0.5,
        "minority_f1": 0.13333333333333333
      },
      "params": {
        "class_weight": "balanced",
        "max_depth": 10,
        "min_samples_leaf": 1,
        "min_samples_split": 2,
        "n_estimators": 100
      }
    },
    "xgb": {
      "metrics": {
        "accuracy": 0.6363636363636364,
        "precision": 0.07142857142857142,
        "recall": 0.25,
        "f1": 0.1111111111111111,
        "auc": 0.46875,
        "minority_f1": 0.1111111111111111
      },
      "params": {
        "colsample_bytree": 0.9,
        "learning_rate": 0.1,
        "max_depth": 5,
        "n_estimators": 200,
        "scale_pos_weight": 1.0,
        "subsample": 0.8
      }
    },
    "gb": {
      "metrics": {
        "accuracy": 0.6818181818181818,
        "precision": 0.08333333333333333,
        "recall": 0.25,
        "f1": 0.125,
        "auc": 0.4625,
        "minority_f1": 0.125
      },
      "params": {
        "learning_rate": 0.01,
        "max_depth": 5,
        "n_estimators": 200,
        "subsample": 0.9
      }
    },
    "voting": {
      "metrics": {
        "accuracy": 0.7045454545454546,
        "precision": 0.09090909090909091,
        "recall": 0.25,
        "f1": 0.13333333333333333,
        "auc": 0.50625,
        "minority_f1": 0.13333333333333333
      },
      "params": {
        "estimators": "logreg+rf+xgb+gb"
      }
    }
  },
  "timestamp": "2025-08-31T18:59:44.529503"
}