{
  "best": {
    "name": "voting",
    "metrics": {
      "accuracy": 0.7954545454545454,
      "precision": 0.2222222222222222,
      "recall": 0.5,
      "f1": 0.3076923076923077,
      "auc": 0.49374999999999997
    },
    "params": {
      "estimators": "logreg+rf+xgb+gb"
    }
  },
  "all": {
    "logreg": {
      "metrics": {
        "accuracy": 0.6590909090909091,
        "precision": 0.13333333333333333,
        "recall": 0.5,
        "f1": 0.21052631578947367,
        "auc": 0.47500000000000003
      },
      "params": {
        "C": 10,
        "penalty": "l2",
        "solver": "liblinear"
      }
    },
    "rf": {
      "metrics": {
        "accuracy": 0.7272727272727273,
        "precision": 0.16666666666666666,
        "recall": 0.5,
        "f1": 0.25,
        "auc": 0.49375
      },
      "params": {
        "class_weight": "balanced_subsample",
        "max_depth": 10,
        "min_samples_leaf": 1,
        "min_samples_split": 5,
        "n_estimators": 100
      }
    },
    "xgb": {
      "metrics": {
        "accuracy": 0.7272727272727273,
        "precision": 0.16666666666666666,
        "recall": 0.5,
        "f1": 0.25,
        "auc": 0.54375
      },
      "params": {
        "colsample_bytree": 1.0,
        "learning_rate": 0.2,
        "max_depth": 3,
        "n_estimators": 50,
        "scale_pos_weight": 1.0,
        "subsample": 0.9
      }
    },
    "knn": {
      "metrics": {
        "accuracy": 0.45454545454545453,
        "precision": 0.08333333333333333,
        "recall": 0.5,
        "f1": 0.14285714285714285,
        "auc": 0.525
      },
      "params": {
        "n_neighbors": 3,
        "p": 2,
        "weights": "distance"
      }
    },
    "svm": {
      "metrics": {
        "accuracy": 0.75,
        "precision": 0.1111111111111111,
        "recall": 0.25,
        "f1": 0.15384615384615385,
        "auc": 0.40625000000000006
      },
      "params": {
        "C": 10,
        "gamma": 0.1,
        "kernel": "rbf"
      }
    },
    "gb": {
      "metrics": {
        "accuracy": 0.7954545454545454,
        "precision": 0.14285714285714285,
        "recall": 0.25,
        "f1": 0.18181818181818182,
        "auc": 0.5
      },
      "params": {
        "learning_rate": 0.1,
        "max_depth": 5,
        "n_estimators": 100,
        "subsample": 0.9
      }
    },
    "ada": {
      "metrics": {
        "accuracy": 0.6818181818181818,
        "precision": 0.14285714285714285,
        "recall": 0.5,
        "f1": 0.2222222222222222,
        "auc": 0.53125
      },
      "params": {
        "algorithm": "SAMME",
        "learning_rate": 1.0,
        "n_estimators": 200
      }
    },
    "voting": {
      "metrics": {
        "accuracy": 0.7954545454545454,
        "precision": 0.2222222222222222,
        "recall": 0.5,
        "f1": 0.3076923076923077,
        "auc": 0.49374999999999997
      },
      "params": {
        "estimators": "logreg+rf+xgb+gb"
      }
    }
  },
  "timestamp": "2025-09-01T16:17:00.603714"
}