{
  "best": {
    "name": "logreg",
    "metrics": {
      "accuracy": 0.3230769230769231,
      "precision": 0.21559343434343434,
      "recall": 0.3133333333333333,
      "f1": 0.2544411342822465
    },
    "params": {
      "C": 0.030651951086339127,
      "solver": "liblinear"
    }
  },
  "all": {
    "logreg": {
      "metrics": {
        "accuracy": 0.3230769230769231,
        "precision": 0.21559343434343434,
        "recall": 0.3133333333333333,
        "f1": 0.2544411342822465
      },
      "params": {
        "C": 0.030651951086339127,
        "solver": "liblinear"
      }
    },
    "rf": {
      "metrics": {
        "accuracy": 0.3076923076923077,
        "precision": 0.10256410256410257,
        "recall": 0.3333333333333333,
        "f1": 0.1568627450980392
      },
      "params": {
        "n_estimators": 166,
        "max_depth": 8,
        "min_samples_split": 5,
        "min_samples_leaf": 4,
        "max_features": "sqrt"
      }
    },
    "gb": {
      "metrics": {
        "accuracy": 0.3076923076923077,
        "precision": 0.20045045045045043,
        "recall": 0.29,
        "f1": 0.23700716845878136
      },
      "params": {
        "n_estimators": 171,
        "learning_rate": 0.1257582355450263,
        "max_depth": 3,
        "subsample": 0.7674558165716142,
        "min_samples_split": 5,
        "min_samples_leaf": 2
      }
    },
    "voting": {
      "metrics": {
        "accuracy": 0.3076923076923077,
        "precision": 0.20045045045045043,
        "recall": 0.29,
        "f1": 0.23700716845878136
      },
      "params": {
        "estimators": "logreg+rf+gb"
      }
    }
  },
  "timestamp": "2025-08-30T19:12:46.287884"
}