{
  "best": {
    "name": "gb",
    "metrics": {
      "accuracy": 0.7575757575757576,
      "precision": 0.2222222222222222,
      "recall": 0.6666666666666666,
      "f1": 0.3333333333333333,
      "auc": 0.6
    },
    "threshold": 0.6000000000000002
  },
  "all": {
    "logreg": {
      "metrics": {
        "accuracy": 0.6363636363636364,
        "precision": 0.15384615384615385,
        "recall": 0.6666666666666666,
        "f1": 0.25,
        "auc": 0.6444444444444445
      }
    },
    "rf": {
      "metrics": {
        "accuracy": 0.7272727272727273,
        "precision": 0.0,
        "recall": 0.0,
        "f1": 0.0,
        "auc": 0.5111111111111111
      }
    },
    "xgb": {
      "metrics": {
        "accuracy": 0.7272727272727273,
        "precision": 0.2,
        "recall": 0.6666666666666666,
        "f1": 0.3076923076923077,
        "auc": 0.6555555555555556
      }
    },
    "gb": {
      "metrics": {
        "accuracy": 0.7575757575757576,
        "precision": 0.2222222222222222,
        "recall": 0.6666666666666666,
        "f1": 0.3333333333333333,
        "auc": 0.6
      }
    },
    "svm": {
      "metrics": {
        "accuracy": 0.6666666666666666,
        "precision": 0.16666666666666666,
        "recall": 0.6666666666666666,
        "f1": 0.26666666666666666,
        "auc": 0.5555555555555555
      }
    },
    "ensemble": {
      "metrics": {
        "accuracy": 0.7272727272727273,
        "precision": 0.2,
        "recall": 0.6666666666666666,
        "f1": 0.3076923076923077,
        "auc": 0.6555555555555556
      }
    }
  },
  "timestamp": "2025-08-31T21:03:28.141358"
}